{
  "waypoints": [
    [
      0,
      0.1,
      0.8,
      1.8,
      2.5,
      1.8,
      -1.5,
      -2.8,
      -1,
      0
    ],
    [
      0,
      0.045,
      0.4,
      0.6,
      0,
      -0.6,
      -0.6,
      0,
      0.4,
      0
    ],
    [
      0,
      -0.5,
      -1,
      -1,
      -1,
      -1,
      -1,
      -1,
      -1,
      -1
    ]
  ],
  "waypoint_times": [
    0,
    0.76,
    1.52,
    2.2800000000000002,
    3.04,
    3.8,
    4.5600000000000005,
    5.32,
    6.08,
    6.84
  ],
  "piecewise_polynomial_coefficients": [
    [
      -0.093577733989325146,
      0.28278994868748236,
      -0.50860873285467223,
      0.56402218238202151,
      0,
      0,
      0,
      0
    ],
    [
      0.18085047459756934,
      -0.546526459307028,
      0.48202602614709733,
      0.0048281732754013014,
      0,
      0,
      0,
      0
    ],
    [
      9.1961173882813689,
      -27.790484212555018,
      30.692737947919095,
      -12.810275187978252,
      0,
      0,
      0,
      0
    ],
    [
      -0.0094547053450048379,
      0.02857088268943667,
      0.032984257298265172,
      -0.2809608842618555,
      0.16697851291186974,
      0.63891389976551827,
      0.44593979909416531,
      0.1
    ],
    [
      0.018270761096312794,
      -0.055213033933075868,
      0.090287883175701356,
      -0.26564494890306506,
      0.11236787089027862,
      0.3606713292019566,
      0.22505975584014032,
      0.045
    ],
    [
      0.92899650906905828,
      -2.80740901088256,
      3.6430370310376943,
      -3.0718106014932052,
      1.7317762504921952,
      0.23148672631852732,
      -1.1682357887219605,
      -0.5
    ],
    [
      -0.00096931905007892436,
      0.002918876817252892,
      0.08053300195358562,
      -0.045719690408260752,
      -0.35618720941201576,
      0.28335530935601605,
      1.2988221547846202,
      0.8
    ],
    [
      0.001857136718352508,
      -0.005603881060783745,
      0.16011010526385433,
      -0.13492792882521981,
      -0.44509057465619933,
      -0.0864264107358002,
      0.59280319833991946,
      0.4
    ],
    [
      0.093847701839085335,
      -0.2836058946632537,
      0.31247190530274416,
      -0.026750649590422532,
      -0.3643788823652257,
      0.42367483373260661,
      -0.15020761619688636,
      -1
    ],
    [
      -0.00023848449812198516,
      0.0006178839226707889,
      -0.336611856799563,
      0.27158575414739428,
      -0.01570861903704307,
      -0.32423136361452487,
      1.1695124682808014,
      1.8
    ],
    [
      0.00030060644922926775,
      -0.00082577752162821456,
      -0.16283923748365792,
      0.4518931289779608,
      0.042010446587398761,
      -0.8841493490605925,
      -0.28567748690842037,
      0.6
    ],
    [
      0.0094805092841659788,
      -0.028649935624052558,
      -0.0016268693507880316,
      0.069774551208750993,
      -0.0349495153227537,
      -0.0476940821842547,
      0.031785118552759707,
      -1
    ],
    [
      -0.0014155252650459506,
      0.0032599606403332605,
      0.8619870984133351,
      -1.0046399516250215,
      -1.1317180136781642,
      -0.89466243246822,
      0.565452516656625,
      2.5
    ],
    [
      0.0011489280635990642,
      -0.0026538950344036859,
      0.010253769255576297,
      -0.17049246242779981,
      0.47146630255104083,
      0.060358275644773342,
      -1.0357921879483081,
      0
    ],
    [
      0.00095739100339214793,
      -0.0028934615787257725,
      0.020299684665353108,
      -0.046607179241419612,
      0.026937286929895207,
      0.01439646326768222,
      -0.012264117077206734,
      -1
    ],
    [
      -0.013916765957412564,
      0.03198171716456065,
      -1.0011643567312167,
      2.2886244781722023,
      0.80510615239933314,
      -3.163966438262567,
      -3.078588373630283,
      1.8
    ],
    [
      0.011188674055354668,
      -0.025713172545877985,
      0.10868388221761348,
      -0.1458956899939913,
      0.0025108225527131541,
      0.5822909829622811,
      -0.41184241635863583,
      -0.6
    ],
    [
      9.3400749366246769E-5,
      -0.00028468016279903157,
      -0.0070674062553227864,
      0.019403392659901451,
      -0.011721536632056068,
      -0.0059797180343399816,
      0.0052093451419856574,
      -1
    ],
    [
      -0.13775213294995098,
      0.31655720790057262,
      -0.049414113461129269,
      -1.3415648873127559,
      2.0980806087168471,
      2.2942070278839966,
      -4.1142936622796134,
      -1.5
    ],
    [
      0.11073781216999631,
      -0.25447782958215509,
      -0.08218412383564376,
      0.12702404513083984,
      0.09164419559449638,
      0.49039385642530409,
      0.37868290171234453,
      -0.6
    ],
    [
      -2.3383509833759238E-5,
      4.6659950770613168E-5,
      0.0032410155397195268,
      -0.00853542246319993,
      0.0050347016238777645,
      0.0025880482463927191,
      -0.0022167127707974584,
      -1
    ],
    [
      -1.3636045628869029,
      3.1335903590892853,
      -2.4281378879593558,
      0.19529991443281336,
      -1.0949710465041274,
      3.0622675759339457,
      0.86613734637637829,
      -2.8
    ],
    [
      1.0961894475019267,
      -2.5190651228149634,
      2.9444292846873239,
      -1.571698244606901,
      -0.93803236804098866,
      0.094933371908174483,
      1.1310657771055925,
      0
    ],
    [
      -0.00032723584766281472,
      0.00075127967047538755,
      -0.0022085776100582454,
      0.0040819528865005429,
      -0.002056268605630763,
      -0.001176918053968746,
      0.00089967812428629025,
      -1
    ],
    [
      -13.49829349644815,
      31.019346384875885,
      -23.584585024109288,
      8.04052506799895,
      -2.9372499155517549,
      -0.99552198217015631,
      2.8437611658040587,
      -1
    ],
    [
      10.851156662987361,
      -24.936173398896731,
      17.785976086613772,
      -4.1070141354345822,
      1.9747887365668471,
      -1.3347701262147535,
      -0.55182354660970734,
      0.4
    ],
    [
      -0.0032489749669935009,
      0.0074661367538055856,
      -0.0047326175974831131,
      -0.00021280769095710639,
      0.00037094380538183342,
      0.0006033274165415665,
      -0.00026744497323647962,
      -1
    ]
  ]
}