{
  "waypoints": [
    [
      0,
      0.1,
      0.8,
      1.8,
      2.5,
      1.8,
      -1.5,
      -2.8,
      -1,
      0
    ],
    [
      0,
      0.045,
      0.4,
      0.6,
      0,
      -0.6,
      -0.6,
      0,
      0.4,
      0
    ],
    [
      0,
      -0.5,
      -1,
      -1,
      -1,
      -1,
      -1,
      -1,
      -1,
      -1
    ]
  ],
  "waypoint_times": [
    0,
    0.64,
    1.28,
    1.92,
    2.56,
    3.2,
    3.84,
    4.48,
    5.12,
    5.76
  ],
  "piecewise_polynomial_coefficients": [
    [
      -0.31160746451545335,
      0.792986290314555,
      -1.2010246038861352,
      1.1215810369061336,
      0,
      0,
      0,
      0
    ],
    [
      0.60221973142861329,
      -1.5325438240717861,
      1.1382524120244708,
      0.0096010188577814563,
      0,
      0,
      0,
      0
    ],
    [
      30.622442967847391,
      -77.928770375041509,
      72.477586498399845,
      -25.473752941491814,
      0,
      0,
      0,
      0
    ],
    [
      -0.031483523048655572,
      0.080117126710132991,
      0.077888762396604916,
      -0.55870213941481073,
      0.27961562994058842,
      0.90096842896236262,
      0.529553511421145,
      0.1
    ],
    [
      0.060840387003071122,
      -0.15482579643359046,
      0.213205087196301,
      -0.52824577930322869,
      0.18816680335257435,
      0.50860292906773608,
      0.26725846005840609,
      0.045
    ],
    [
      3.0934949406907712,
      -7.8724044702773535,
      8.6026385776052638,
      -6.1084202482522221,
      2.8999641850688698,
      0.32643245391225939,
      -1.3872799991060272,
      -0.5
    ],
    [
      -0.0032277655567419902,
      0.0081849758290885154,
      0.19016998925551534,
      -0.09091546306558751,
      -0.59645704821851242,
      0.39957526046191544,
      1.5423513088124337,
      0.8
    ],
    [
      0.0061841387317895218,
      -0.015714140576064316,
      0.37808272545850019,
      -0.26830967129330852,
      -0.74533111611734715,
      -0.1218747432633462,
      0.70395379803160874,
      0.4
    ],
    [
      0.31250643894141095,
      -0.79527432743295168,
      0.73786866400076445,
      -0.0531947541236283,
      -0.61017450050517252,
      0.59744771475624447,
      -0.17837154423666784,
      -1
    ],
    [
      -0.00079413661054715426,
      0.001732639919731433,
      -0.79487255176732585,
      0.540059311377464,
      -0.026305033580389589,
      -0.45721688383781495,
      1.3887960560813111,
      1.8
    ],
    [
      0.0010009991219992985,
      -0.0023156069497027509,
      -0.38452727576723128,
      0.89860785601090276,
      0.070349036453704286,
      -1.2467887305141476,
      -0.33924201570701984,
      0.6
    ],
    [
      0.03156944856095277,
      -0.08033880364734329,
      -0.0038416763122708334,
      0.13874953138558324,
      -0.058525079497994188,
      -0.0672561080821551,
      0.0377448282830355,
      -1
    ],
    [
      -0.0047136026833548405,
      0.0091414287827651427,
      2.0354894563894046,
      -1.9977673818295862,
      -1.8951303358187526,
      -1.2616138208036725,
      0.67147486352078511,
      2.5
    ],
    [
      0.0038258519285529306,
      -0.0074419276460055105,
      0.024213168772809261,
      -0.33903119187019054,
      0.78949886940466629,
      0.085114599635727983,
      -1.2300032231849827,
      0
    ],
    [
      0.0031880466678591768,
      -0.0081137090387349078,
      0.047935513402978844,
      -0.092680270480520813,
      0.045108117934971978,
      0.020301262655788313,
      -0.014563639029905387,
      -1
    ],
    [
      -0.046341883461410736,
      0.0896816362383359,
      -2.3641415301524669,
      4.5510228083839888,
      1.3481989985802261,
      -4.4616870477369766,
      -3.6558236936734141,
      1.8
    ],
    [
      0.037257520427385761,
      -0.072103670177657092,
      0.25664525194999593,
      -0.29011950997489117,
      0.0042045243594053755,
      0.82112126894312254,
      -0.48906286942664051,
      -0.6
    ],
    [
      0.00031101811761107256,
      -0.00079828673947261221,
      -0.016688916742931589,
      0.0385844350428532,
      -0.019628422793810871,
      -0.00843233675978397,
      0.0061860973564195161,
      -1
    ],
    [
      -0.45870519687971767,
      0.887674852936548,
      -0.11668609403974642,
      -2.6677563119776293,
      3.5133630115026708,
      3.2351903791811489,
      -4.885723723966791,
      -1.5
    ],
    [
      0.36874935311987017,
      -0.71359477572648744,
      -0.19406893431617259,
      0.25259247726566814,
      0.15346375425195918,
      0.69153196160321362,
      0.44968594578652771,
      -0.6
    ],
    [
      -7.7865491033542685E-5,
      0.0001308416420410057,
      0.0076533082363024274,
      -0.016973034528849282,
      0.00843091270505558,
      0.0036495524101366316,
      -0.0026323464154545339,
      -1
    ],
    [
      -4.5407100817858339,
      8.7870668803861935,
      -5.7337854312318512,
      0.3883618174115957,
      -1.8335953143146084,
      4.3182757613834246,
      1.0285380988231885,
      -2.8
    ],
    [
      3.6502360098689177,
      -7.0638440855985287,
      6.9529518205659446,
      -3.1253858483173085,
      -1.5707919951641804,
      0.13387088773353226,
      1.3431406103099104,
      0
    ],
    [
      -0.0010896730283541224,
      0.0021067031607272684,
      -0.0052153175468094889,
      0.0081171292441766831,
      -0.0034433462809440062,
      -0.0016596383496244507,
      0.0010683677726438278,
      -1
    ],
    [
      -44.948395642952711,
      86.982994000212656,
      -55.692450895634629,
      15.988910938936863,
      -4.9186028246490539,
      -1.4038415451652058,
      3.3769663843893007,
      -1
    ],
    [
      36.133610742065379,
      -69.924846071883437,
      41.99966201954382,
      -8.1669645559407975,
      3.3069033066713969,
      -1.8822344358020593,
      -0.65529046159824889,
      0.4
    ],
    [
      -0.010818864792156546,
      0.020936189965254925,
      -0.011175565434541568,
      -0.000423176743993281,
      0.00062116786163445568,
      0.00085078592727571439,
      -0.00031759090573437078,
      -1
    ]
  ]
}