{
  "waypoints": [
    [
      0,
      0.1,
      0.8,
      1.8,
      2.5,
      1.8,
      -1.5,
      -2.8,
      -1,
      0
    ],
    [
      0,
      0.045,
      0.4,
      0.6,
      0,
      -0.6,
      -0.6,
      0,
      0.4,
      0
    ],
    [
      0,
      -0.5,
      -1,
      -1,
      -1,
      -1,
      -1,
      -1,
      -1,
      -1
    ]
  ],
  "waypoint_times": [
    0,
    0.72,
    1.44,
    2.16,
    2.88,
    3.5999999999999996,
    4.32,
    5.04,
    5.76,
    6.4799999999999995
  ],
  "piecewise_polynomial_coefficients": [
    [
      -0.13662815241681606,
      0.39115649360414656,
      -0.66648333117315939,
      0.70019751977176081,
      0,
      0,
      0,
      0
    ],
    [
      0.26405070033848765,
      -0.75595817447879188,
      0.63164922413856328,
      0.00599386881029073,
      0,
      0,
      0,
      0
    ],
    [
      13.426789409472999,
      -38.439938923108208,
      40.219911503727559,
      -15.903138553342536,
      0,
      0,
      0,
      0
    ],
    [
      -0.013804340542773845,
      0.039519389607177373,
      0.0432227299631952,
      -0.34879499525124141,
      0.19638299387781205,
      0.71187628955666915,
      0.47071423237527332,
      0.1
    ],
    [
      0.026676221283861979,
      -0.076370949229814328,
      0.11831367683765284,
      -0.32978123950393029,
      0.13215556010924034,
      0.40185910445181589,
      0.23756307560801299,
      0.045
    ],
    [
      1.3563811727789383,
      -3.8832224035606604,
      4.7738532557713595,
      -3.813456688946296,
      2.0367375346269361,
      0.2579219388899065,
      -1.2331377769830003,
      -0.5
    ],
    [
      -0.0014152539128508561,
      0.0040374047859676751,
      0.10553083370203691,
      -0.056758076023154504,
      -0.41891084864702394,
      0.31571378604287464,
      1.3709789411626512,
      0.8
    ],
    [
      0.0027115121161579324,
      -0.0077513167914261783,
      0.20980905246241582,
      -0.16750440686803472,
      -0.52346986480585422,
      -0.096296093443712316,
      0.62573670935926284,
      0.4
    ],
    [
      0.13702231884785157,
      -0.39228511399181826,
      0.40946468828347315,
      -0.033209223073665237,
      -0.42854505387398523,
      0.47205745363524043,
      -0.158552483763626,
      -1
    ],
    [
      -0.000348199233385293,
      0.00085466015701541145,
      -0.44109779694477314,
      0.33715636969943363,
      -0.0184748659017972,
      -0.36125778477087744,
      1.2344853831847782,
      1.8
    ],
    [
      0.000438900394484983,
      -0.001142219716745347,
      -0.2133853203094202,
      0.56099646068576858,
      0.049408376737152149,
      -0.98511702163515036,
      -0.30154845840261929,
      0.6
    ],
    [
      0.013842015739761225,
      -0.039628736474667414,
      -0.0021318574330075344,
      0.086620649372416786,
      -0.041104033883072,
      -0.053140628606561054,
      0.033550958472469875,
      -1
    ],
    [
      -0.0020667371347018689,
      0.004509193468324871,
      1.1295520423691958,
      -1.2471963416725236,
      -1.33101060626376,
      -0.996830673203802,
      0.59686654536282613,
      2.5
    ],
    [
      0.001677492157284527,
      -0.0036708809959073016,
      0.013436588481406669,
      -0.21165550403173852,
      0.55449028963112457,
      0.067251041692451261,
      -1.0933361983902239,
      0
    ],
    [
      0.0013978385486318602,
      -0.004002250752394884,
      0.026600804469389627,
      -0.0578598365904791,
      0.031680872951407771,
      0.01604050382609799,
      -0.012945456914882133,
      -1
    ],
    [
      -0.020319171071777269,
      0.044237272742614277,
      -1.3119305898587339,
      2.8411811325257332,
      0.94688324758491293,
      -3.5252835932342119,
      -3.249621061058201,
      1.8
    ],
    [
      0.016336021340783283,
      -0.035566590728745871,
      0.14241988207662515,
      -0.18112018181031378,
      0.0029529718445121689,
      0.64878717545930653,
      -0.43472255060058662,
      -0.6
    ],
    [
      0.00013636974594742214,
      -0.00039377104711275218,
      -0.00926116316622533,
      0.024088072843801728,
      -0.013785668683087459,
      -0.006662587069150956,
      0.0054987532054528027,
      -1
    ],
    [
      -0.20112497446548105,
      0.43786353638851966,
      -0.064752490424452983,
      -1.6654671331431978,
      2.4675471358645513,
      2.5561998057617106,
      -4.3428655324167469,
      -1.5
    ],
    [
      0.16168272117222376,
      -0.35199502641984293,
      -0.10769447144726542,
      0.15769224004109283,
      0.10778249958397343,
      0.54639562397695685,
      0.39972084069606628,
      -0.6
    ],
    [
      -3.4141089005407391E-5,
      6.45402809356948E-5,
      0.0042470423593411718,
      -0.010596181897101474,
      0.0059212994578733257,
      0.002883596965900037,
      -0.0023398634802963983,
      -1
    ],
    [
      -1.9909305777494894,
      4.3343981020547968,
      -3.1818435733956107,
      0.2424523717480303,
      -1.2877925939772927,
      3.4119709719330471,
      0.91425608784437684,
      -2.8
    ],
    [
      1.60049119028989,
      -3.4843836734319726,
      3.8583943036710151,
      -1.9511629986047543,
      -1.1032174232388003,
      0.10577452857644867,
      1.1939027647230194,
      0
    ],
    [
      -0.0004777806359689082,
      0.0010391738562279124,
      -0.0028941307282226176,
      0.005067483826042672,
      -0.0024183721478246512,
      -0.0013113191897660603,
      0.0009496602423068371,
      -1
    ],
    [
      -19.708180801809874,
      42.90611748033205,
      -30.905353706791995,
      9.9817983860156012,
      -3.4544919702647641,
      -1.1092081344555043,
      3.0017478972374061,
      -1
    ],
    [
      15.843229181621364,
      -34.491841707491837,
      23.306828652133706,
      -5.0985957662303836,
      2.322543886179655,
      -1.487197578897079,
      -0.58248041031067865,
      0.4
    ],
    [
      -0.0047436652705812321,
      0.010327198281686378,
      -0.0062016448735562335,
      -0.00026418715796694414,
      0.00043626604271874818,
      0.000672225917817704,
      -0.00028230302730674673,
      -1
    ]
  ]
}