{
  "waypoints": [
    [
      0,
      0.1,
      0.8,
      1.8,
      2.5,
      1.8,
      -1.5,
      -2.8,
      -1,
      0
    ],
    [
      0,
      0.045,
      0.4,
      0.6,
      0,
      -0.6,
      -0.6,
      0,
      0.4,
      0
    ],
    [
      0,
      -0.5,
      -1,
      -1,
      -1,
      -1,
      -1,
      -1,
      -1,
      -1
    ]
  ],
  "waypoint_times": [
    0,
    0.6,
    1.2,
    1.7999999999999998,
    2.4,
    3,
    3.5999999999999996,
    4.2,
    4.8,
    5.3999999999999995
  ],
  "piecewise_polynomial_coefficients": [
    [
      -0.48956337228081365,
      1.1679870309722951,
      -1.6584238023191851,
      1.4519295769257443,
      0,
      0,
      0,
      0
    ],
    [
      0.94614139979119094,
      -2.2572790139013317,
      1.5717453975796245,
      0.012428886324028176,
      0,
      0,
      0,
      0
    ],
    [
      48.110614017374012,
      -114.78104258475445,
      100.08001019250979,
      -32.976748104105063,
      0,
      0,
      0,
      0
    ],
    [
      -0.049463447971894725,
      0.11800426497509309,
      0.1075519834953836,
      -0.723261302151483,
      0.33934981340726528,
      1.0251018569606329,
      0.56485707885150982,
      0.1
    ],
    [
      0.095585723989336471,
      -0.22804243261597648,
      0.2944022884585627,
      -0.68383437825648929,
      0.22836480786339808,
      0.57867711041072412,
      0.28507569073035771,
      0.045
    ],
    [
      4.8601589756329249,
      -11.595239965141943,
      11.878874533174466,
      -7.9075837901741952,
      3.5194824598524255,
      0.37140759200258677,
      -1.4797653323812412,
      -0.5
    ],
    [
      -0.0050711105634035358,
      0.012055626059701266,
      0.262594484052067,
      -0.11769354640231069,
      -0.72387794648117476,
      0.4546278519078365,
      1.6451747293969559,
      0.8
    ],
    [
      0.0097158383991682289,
      -0.023145308351594073,
      0.52207206166547093,
      -0.34733713812045758,
      -0.90455592638690718,
      -0.13866637455860636,
      0.75088405123102764,
      0.4
    ],
    [
      0.49097574200528704,
      -1.171357073670416,
      1.0188791730293794,
      -0.068862644943057119,
      -0.74052585307913843,
      0.67976273323137648,
      -0.19026298051763615,
      -1
    ],
    [
      -0.0012476605048435071,
      0.0025520009943973913,
      -1.0975924697264214,
      0.69912744804861093,
      -0.031924568195808745,
      -0.52021121007980875,
      1.4813824598142709,
      1.8
    ],
    [
      0.00157265957346432,
      -0.003410649961721779,
      -0.53097096016905054,
      1.163282260869557,
      0.085377675018984023,
      -1.4185685111611535,
      -0.36185815008409189,
      0.6
    ],
    [
      0.049598445024327156,
      -0.11833077303524984,
      -0.0053047435094566121,
      0.17961657855605279,
      -0.071027770556553821,
      -0.076522505194808937,
      0.040261150168136695,
      -1
    ],
    [
      -0.0074054921943938791,
      0.013464378626479936,
      2.8106869384329518,
      -2.5861863340815385,
      -2.2999863276497226,
      -1.4354361694215496,
      0.71623985444263127,
      2.5
    ],
    [
      0.0060107578769180827,
      -0.010961192380549266,
      0.033434532268520049,
      -0.438888853306286,
      0.95815922048780022,
      0.0968415000375432,
      -1.3120034380659589,
      0
    ],
    [
      0.00500870824841445,
      -0.011950656709151582,
      0.066191313777505228,
      -0.11997815715730922,
      0.054744548461836247,
      0.023098325510341158,
      -0.015534548298385265,
      -1
    ],
    [
      -0.0728072644913923,
      0.13209179039759067,
      -3.264503126575101,
      5.8914731965046929,
      1.6362142519885716,
      -5.0764083742745623,
      -3.8995452732812668,
      1.8
    ],
    [
      0.05853491804668385,
      -0.10620127106920997,
      0.35438624130365459,
      -0.3755708091775386,
      0.00510273536495143,
      0.9342535326687702,
      -0.52166706072129443,
      -0.6
    ],
    [
      0.00048863745542243164,
      -0.0011757940465395203,
      -0.02304473753062514,
      0.049949027850531361,
      -0.023821635485185143,
      -0.00959412537990727,
      0.0065985038467697285,
      -1
    ],
    [
      -0.72066714905126428,
      1.3074535185300042,
      -0.16112492072767287,
      -3.4535126460605454,
      4.2639214507144167,
      3.6809277202621566,
      -5.2114386389004475,
      -1.5
    ],
    [
      0.57933842233965338,
      -1.0510515174069923,
      -0.26797830676995954,
      0.32699062881868945,
      0.18624815927279659,
      0.786809698533064,
      0.47966500883540486,
      -0.6
    ],
    [
      -0.00012233369458997052,
      0.00019271624614683439,
      0.010568000444174009,
      -0.021972242782612835,
      0.010232005463562911,
      0.0041523796310386557,
      -0.0028078361764518724,
      -1
    ],
    [
      -7.1338642199087658,
      12.942443381339983,
      -7.9174449998261274,
      0.50274923803050753,
      -2.2253056025016145,
      4.9132381995912322,
      1.0971073054198204,
      -2.8
    ],
    [
      5.73484930372312,
      -10.404313898910935,
      9.60091971375966,
      -4.0459315938393923,
      -1.9063597074001857,
      0.15231532115368596,
      1.4326833176693965,
      0
    ],
    [
      -0.0017119744013740202,
      0.0031029565080782566,
      -0.0072015233737605724,
      0.010507934462062204,
      -0.0041789470715739609,
      -0.0018882996333294314,
      0.0011395922908067511,
      -1
    ],
    [
      -70.617975051732387,
      128.11698029802724,
      -76.902409735653791,
      20.698257133440737,
      -5.9693621247214192,
      -1.5972597136082578,
      3.6020974766879288,
      -1
    ],
    [
      56.769154613208812,
      -102.99208746826629,
      57.99484787101688,
      -10.57244818065743,
      4.0133558353122289,
      -2.1415645136142918,
      -0.6989764923737608,
      0.4
    ],
    [
      -0.016997410319731898,
      0.030836848834951525,
      -0.015431676972411879,
      -0.00054781849070195676,
      0.00075386772184551725,
      0.000968005321688515,
      -0.00033876363277938305,
      -1
    ]
  ]
}