{
  "waypoints": [
    [
      0,
      0.1,
      0.8,
      1.8,
      2.5,
      1.8,
      -1.5,
      -2.8,
      -1,
      0
    ],
    [
      0,
      0.045,
      0.4,
      0.6,
      0,
      -0.6,
      -0.6,
      0,
      0.4,
      0
    ],
    [
      0,
      -0.5,
      -1,
      -1,
      -1,
      -1,
      -1,
      -1,
      -1,
      -1
    ]
  ],
  "waypoint_times": [
    0,
    0.68,
    1.36,
    2.04,
    2.72,
    3.4000000000000004,
    4.08,
    4.7600000000000007,
    5.44,
    6.12
  ],
  "piecewise_polynomial_coefficients": [
    [
      -0.20384744918773035,
      0.55117821818621715,
      -0.886966486630774,
      0.880065310888538,
      0,
      0,
      0,
      0
    ],
    [
      0.39396025495678449,
      -1.065219897163465,
      0.84060871009398785,
      0.0075335828145687142,
      0,
      0,
      0,
      0
    ],
    [
      20.032597419541659,
      -54.165678954365752,
      53.525290039768421,
      -19.988360684994721,
      0,
      0,
      0,
      0
    ],
    [
      -0.020595898671409856,
      0.055686731310260508,
      0.057521488523437761,
      -0.43839397803049479,
      0.23311736624739227,
      0.79808968103077027,
      0.49840330486986156,
      0.1
    ],
    [
      0.039800579795678789,
      -0.10761422741915086,
      0.1574537000013779,
      -0.414495940033529,
      0.15687588573257394,
      0.45052716208642207,
      0.25153737417385241,
      0.045
    ],
    [
      2.0237032957940531,
      -5.4718447504941432,
      6.3531189044324208,
      -4.7930631741510252,
      2.4177189704684281,
      0.28915815986185261,
      -1.3056752932771043,
      -0.5
    ],
    [
      -0.0021115406514623748,
      0.0056891029815287339,
      0.14044209126679802,
      -0.0713381759218698,
      -0.49727011381929304,
      0.35394901964783471,
      1.4516247612280671,
      0.8
    ],
    [
      0.00404554151334314,
      -0.0109223731388021,
      0.27921718324870654,
      -0.21053319074288857,
      -0.62138739089918849,
      -0.10795825008890997,
      0.66254475108532263,
      0.4
    ],
    [
      0.20443554054568311,
      -0.55276855625593968,
      0.54492203935962558,
      -0.041740058192770581,
      -0.508706442939831,
      0.52922704144395893,
      -0.16787910045629331,
      -1
    ],
    [
      -0.00051950864219605687,
      0.0012043005228360734,
      -0.58701987720279192,
      0.42376560458695178,
      -0.021930677347740422,
      -0.405008727566312,
      1.3071021704306176,
      1.8
    ],
    [
      0.00065483419086478326,
      -0.0016095016884688585,
      -0.28397653540003459,
      0.70510607425020677,
      0.058650448483496945,
      -1.1044218512471511,
      -0.31928660301488804,
      0.6
    ],
    [
      0.0206521097714365,
      -0.05584081237322272,
      -0.0028371093687181441,
      0.10887189196846904,
      -0.048792738778922651,
      -0.059576344874438664,
      0.035524544265626727,
      -1
    ],
    [
      -0.0030835444338513126,
      0.006353898123255949,
      1.5032256033607616,
      -1.5675780126858181,
      -1.5799824659832029,
      -1.1175541111450651,
      0.63197634214418252,
      2.5
    ],
    [
      0.0025027970508920256,
      -0.00517263545417174,
      0.017881623781587488,
      -0.26602588831698765,
      0.65821033367457948,
      0.075395631518183223,
      -1.1576500924120725,
      0
    ],
    [
      0.0020855571680374781,
      -0.0056395674754057216,
      0.035400768456971161,
      -0.072722958369925234,
      0.037606930807323885,
      0.017983125397109508,
      -0.013706954380761305,
      -1
    ],
    [
      -0.03031594203083093,
      0.062334695423248085,
      -1.7459378375531485,
      3.5710280117252906,
      1.1240022593121008,
      -3.9522210526584898,
      -3.4407752411187005,
      1.8
    ],
    [
      0.024373134096022382,
      -0.050116846946168928,
      0.18953461641105998,
      -0.22764660637479583,
      0.0035053392747207372,
      0.727360016780041,
      -0.4602944653424243,
      -0.6
    ],
    [
      0.00020346191015675329,
      -0.00055486238307177389,
      -0.012324901424702731,
      0.030275853197535865,
      -0.016364343529733663,
      -0.0074694747766505219,
      0.0058222092764903975,
      -1
    ],
    [
      -0.3000758805835928,
      0.61699306695102663,
      -0.086173633003913827,
      -2.0932948326502308,
      2.9291135550096135,
      2.8657741766915303,
      -4.598328210780708,
      -1.5
    ],
    [
      0.24122854422585638,
      -0.49599583479432496,
      -0.14332149429423166,
      0.19820045960859314,
      0.12794372838261109,
      0.61256810439548981,
      0.4232338313265247,
      -0.6
    ],
    [
      -5.0938066410037353E-5,
      9.0943644231837432E-5,
      0.0056520306884053385,
      -0.013318145027705935,
      0.00702890666377196,
      0.0032328215120165462,
      -0.0024775025086039991,
      -1
    ],
    [
      -2.9704428617488645,
      6.1075959704597675,
      -4.2344474108714909,
      0.30473390134728262,
      -1.5286803192051988,
      3.825185449534656,
      0.96803585771479217,
      -2.8
    ],
    [
      2.3879123080022597,
      -4.90984150051861,
      5.1348117502665982,
      -2.4523806819231346,
      -1.3095794855099256,
      0.11858459258992324,
      1.2641323391153345,
      0
    ],
    [
      -0.00071284257484844672,
      0.0014642988268999222,
      -0.003851554636636344,
      0.0063692266870883267,
      -0.0028707401519188769,
      -0.0014701294722974381,
      0.0010055226095226932,
      -1
    ],
    [
      -29.404352733934097,
      60.458966631195132,
      -41.12933020295479,
      12.545937756858397,
      -4.1006711114855836,
      -1.2435412995213988,
      3.1783213029539796,
      -1
    ],
    [
      23.637894536250691,
      -48.602419171604346,
      31.017093694754909,
      -6.4083307089780277,
      2.7569867584196679,
      -1.6673080123339019,
      -0.61674396385676611,
      0.4
    ],
    [
      -0.0070774876825225874,
      0.014552044626157112,
      -0.0082532464190308019,
      -0.00033205195214236483,
      0.000517871679462908,
      0.00075363736116608362,
      -0.00029890908774263589,
      -1
    ]
  ]
}